{
    "australia": {
      "adelaide": [
        10.5,
        10.189285714285715,
        8.600000000000001,
        7.3,
        5.4,
        4.6,
        4.800000000000001,
        6.0,
        6.8,
        8.3,
        9.1,
        9.5,
        4.6
      ],
      "alice springs": [
        9.870967741935484,
        9.885714285714286,
        9.7,
        9.5,
        8.5,
        8.4,
        9.100000000000001,
        9.899999999999999,
        10.0,
        10.100000000000001,
        10.1,
        10.0,
        8.4
      ],
      "brisbane": [
        8.5,
        7.971428571428571,
        7.5,
        7.8,
        7.6,
        6.6,
        7.699999999999999,
        8.600000000000001,
        9.0,
        8.899999999999999,
        9.0,
        8.561290322580644,
        6.6
      ],
      "canberra": [
        9.5,
        9.082142857142857,
        8.1,
        7.3,
        6.0,
        5.2,
        5.800000000000001,
        7.0,
        7.7,
        8.600000000000001,
        8.9,
        9.399999999999999,
        5.2
      ],
      "darwin": [
        5.699999999999999,
        5.8,
        6.800000000000001,
        8.7,
        9.600000000000001,
        9.9,
        10.100000000000001,
        10.3,
        9.9,
        9.399999999999999,
        8.4,
        6.9,
        5.699999999999999
      ],
      "hobart": [
        8.3,
        8.071428571428571,
        6.800000000000001,
        5.9,
        4.800000000000001,
        4.4,
        4.9,
        5.800000000000001,
        6.510000000000001,
        7.5,
        7.8,
        8.0,
        4.4
      ],
      "melbourne": [
        8.600000000000001,
        8.171428571428573,
        7.199999999999999,
        6.2,
        4.6,
        4.0,
        4.4,
        5.300000000000001,
        6.1,
        7.199999999999999,
        7.5,
        8.5,
        4.0
      ],
      "perth": [
        11.5,
        11.24642857142857,
        9.53225806451613,
        8.2,
        6.829032258064516,
        6.02,
        6.077419354838709,
        7.090322580645162,
        7.746666666666667,
        9.670967741935485,
        10.68,
        11.593548387096773,
        6.02
      ],
      "sydney": [
        7.1,
        6.760714285714286,
        6.4,
        6.4,
        5.9,
        5.5,
        6.4,
        6.870967741935484,
        7.4399999999999995,
        6.967741935483871,
        8.06,
        7.354838709677419,
        5.5
      ]
    },
    "fiji": {
      "suva": [
        6.199999999999999,
        6.357142857142857,
        5.5,
        5.1,
        4.699999999999999,
        4.7,
        4.4,
        4.6,
        4.5,
        5.300000000000001,
        5.6,
        6.300000000000001,
        4.4
      ]
    },
    "new zealand": {
      "auckland": [
        7.380645161290323,
        6.960714285714286,
        6.103225806451612,
        5.243333333333334,
        4.509677419354839,
        3.6766666666666667,
        4.132258064516129,
        4.609677419354839,
        4.953333333333333,
        5.745161290322581,
        6.27,
        6.361290322580645,
        3.6766666666666667
      ],
      "christchurch": [
        7.238709677419355,
        6.803571428571429,
        5.72258064516129,
        5.1866666666666665,
        4.300000000000001,
        3.9233333333333333,
        4.025806451612903,
        4.806451612903226,
        5.553333333333333,
        6.493548387096775,
        7.176666666666667,
        6.912903225806452,
        3.9233333333333333
      ],
      "wellington": [
        7.751612903225807,
        7.321428571428571,
        6.280645161290322,
        5.126666666666667,
        4.064516129032258,
        3.4099999999999997,
        3.5935483870967744,
        4.425806451612903,
        5.4399999999999995,
        6.164516129032258,
        7.026666666666667,
        7.190322580645161,
        3.4099999999999997
      ],
      "dunedin": [
        5.793548387096774,
        5.642857142857143,
        4.712903225806452,
        4.196666666666667,
        3.4967741935483874,
        3.1766666666666667,
        3.5677419354838706,
        3.9419354838709677,
        4.5600000000000005,
        5.338709677419355,
        5.5633333333333335,
        5.429032258064517,
        3.1766666666666667
      ]
    },
    "papua new guinea": {
      "port moresby": [
        5.870967741935484,
        5.642857142857143,
        5.935483870967742,
        6.666666666666667,
        6.806451612903226,
        6.666666666666667,
        6.548387096774194,
        7.161290322580645,
        7.1,
        7.451612903225806,
        8.1,
        6.967741935483871,
        5.642857142857143
      ]
    },
    "solomon islands": {
      "honiara": [
        6.0,
        5.55,
        6.4,
        6.4,
        6.800000000000001,
        6.6,
        6.0,
        6.6,
        6.4,
        7.300000000000001,
        7.2,
        5.300000000000001,
        5.300000000000001
      ]
    }
  }
  
  